Designator,MidX,MidY,Layer,Rotation
B1,37.000mm,15.000mm,Bottom,0
C1,28.000mm,64.000mm,Bottom,0
C2,28.000mm,66.000mm,Bottom,0
C4,9.000mm,62.000mm,Bottom,270
C5,25.000mm,13.000mm,Bottom,90
C6,34.000mm,22.000mm,Bottom,0
C7,19.000mm,39.000mm,Bottom,0
C8,27.000mm,48.000mm,Bottom,0
C9,19.000mm,41.000mm,Bottom,0
C10,27.000mm,50.000mm,Bottom,0
C11,15.000mm,94.000mm,Bottom,180
C12,37.000mm,10.000mm,Bottom,180
C13,28.000mm,13.000mm,Bottom,90
C14,6.000mm,71.500mm,Bottom,180
C15,40.000mm,63.000mm,Bottom,180
C16,9.000mm,86.000mm,Bottom,180
C20,15.000mm,86.000mm,Bottom,0
C21,15.000mm,80.000mm,Bottom,0
D5,38.000mm,24.000mm,Bottom,0
IC1,25.000mm,42.000mm,Bottom,180
J2,37.000mm,57.000mm,Bottom,0
LED1,14.000mm,52.000mm,Bottom,0
MARK1,43.000mm,2.000mm,Bottom,0
MARK2,2.000mm,50.000mm,Bottom,0
MARK4,2.000mm,2.000mm,Bottom,0
MARK5,43.000mm,98.000mm,Bottom,0
MARK6,2.000mm,98.000mm,Bottom,0
MARK7,43.000mm,98.000mm,Top,0
MARK8,2.000mm,50.000mm,Top,0
OK1,34.000mm,32.000mm,Bottom,90
Q1,38.000mm,27.000mm,Bottom,0
Q2,12.000mm,58.500mm,Bottom,180
Q4,15.000mm,64.000mm,Bottom,270
Q12,19.000mm,64.000mm,Bottom,180
R1,17.000mm,55.000mm,Bottom,270
R2,10.000mm,26.000mm,Bottom,180
R3,19.000mm,19.000mm,Bottom,0
R4,15.000mm,58.000mm,Bottom,90
R5,19.000mm,22.000mm,Bottom,0
R6,15.000mm,89.000mm,Bottom,0
R7,15.000mm,91.000mm,Bottom,0
R8,11.000mm,55.000mm,Bottom,270
R9,18.000mm,67.000mm,Bottom,90
R10,18.000mm,61.000mm,Bottom,270
R11,14.500mm,61.000mm,Bottom,0
R12,15.000mm,67.000mm,Bottom,0
R13,19.000mm,27.000mm,Bottom,0
R14,34.000mm,39.000mm,Bottom,0
R15,34.000mm,20.000mm,Bottom,0
R16,9.000mm,82.000mm,Bottom,0
R17,9.000mm,84.000mm,Bottom,0
R18,15.000mm,82.000mm,Bottom,180
R19,15.000mm,84.000mm,Bottom,180
R20,40.000mm,8.000mm,Bottom,90
R21,34.000mm,8.000mm,Bottom,90
R22,37.000mm,20.000mm,Bottom,0
R23,34.000mm,63.000mm,Bottom,180
R24,37.000mm,63.000mm,Bottom,0
R25,20.000mm,71.000mm,Bottom,270
R26,20.000mm,74.000mm,Bottom,90
R27,13.000mm,55.000mm,Bottom,270
R28,21.000mm,50.000mm,Bottom,0
R29,24.000mm,50.000mm,Bottom,180
R30,20.000mm,61.000mm,Bottom,270
R31,20.000mm,67.000mm,Bottom,90
TP1,37.000mm,38.000mm,Bottom,0
TP2,18.000mm,57.000mm,Bottom,0
TP3,11.000mm,61.000mm,Bottom,0
TP4,20.000mm,69.000mm,Bottom,0
TP5,22.000mm,60.000mm,Bottom,0
TP8,17.000mm,84.000mm,Bottom,0
TP9,17.000mm,82.000mm,Bottom,0
TR1,19.000mm,13.000mm,Bottom,180
U1,31.000mm,87.000mm,Bottom,0
