Designator,MidX,MidY,Layer,Rotation
B1,37.000mm,15.000mm,Bottom,0
C1,13.000mm,82.000mm,Bottom,180
C2,13.000mm,80.000mm,Bottom,180
C3,7.500mm,84.000mm,Bottom,180
C4,37.000mm,68.000mm,Bottom,0
C5,25.000mm,13.000mm,Bottom,90
C6,34.000mm,22.000mm,Bottom,0
C7,27.000mm,55.000mm,Bottom,0
C8,24.000mm,55.000mm,Bottom,180
C9,27.000mm,57.000mm,Bottom,0
C10,24.000mm,57.000mm,Bottom,180
C11,35.000mm,97.000mm,Bottom,270
C12,37.000mm,10.000mm,Bottom,180
C13,35.000mm,94.000mm,Bottom,90
C14,37.000mm,97.000mm,Bottom,270
C15,37.000mm,94.000mm,Bottom,90
C16,28.000mm,13.000mm,Bottom,90
D5,38.000mm,24.000mm,Bottom,0
FB1,11.000mm,85.000mm,Bottom,270
FB2,3.500mm,85.000mm,Bottom,270
IC1,23.000mm,45.000mm,Bottom,270
J2,42.000mm,86.000mm,Top,90
MARK1,43.000mm,2.000mm,Bottom,0
MARK2,2.000mm,50.000mm,Bottom,0
MARK3,43.000mm,50.000mm,Bottom,0
MARK4,2.000mm,2.000mm,Bottom,0
MARK5,43.000mm,98.000mm,Bottom,0
MARK6,2.000mm,98.000mm,Bottom,0
MARK7,2.000mm,98.000mm,Top,0
MARK8,2.000mm,50.000mm,Top,0
OK1,34.000mm,32.000mm,Bottom,90
Q10,38.000mm,27.000mm,Bottom,0
Q11,37.000mm,75.000mm,Bottom,90
Q12,21.000mm,80.000mm,Bottom,180
R1,18.900mm,35.000mm,Bottom,0
R2,10.000mm,26.000mm,Bottom,180
R3,26.000mm,39.000mm,Bottom,90
R4,28.000mm,39.000mm,Bottom,270
R5,19.000mm,25.000mm,Bottom,0
R6,21.000mm,74.000mm,Bottom,90
R7,21.000mm,86.000mm,Bottom,270
R8,16.000mm,44.000mm,Bottom,90
R9,30.000mm,39.000mm,Bottom,90
R13,19.000mm,20.000mm,Bottom,0
R14,34.000mm,39.000mm,Bottom,0
R15,34.000mm,20.000mm,Bottom,0
R20,40.000mm,8.000mm,Bottom,90
R21,34.000mm,8.000mm,Bottom,90
R22,37.000mm,20.000mm,Bottom,0
R23,30.500mm,77.000mm,Bottom,90
R24,30.500mm,83.000mm,Bottom,270
R31,37.000mm,72.000mm,Bottom,180
R32,37.000mm,78.000mm,Bottom,180
R33,21.000mm,83.000mm,Bottom,90
R34,21.000mm,77.000mm,Bottom,270
T1,23.000mm,39.000mm,Bottom,90
T2,19.000mm,39.000mm,Bottom,270
TR1,19.000mm,13.000mm,Bottom,180
U2,7.500mm,79.000mm,Bottom,180
U4,39.000mm,89.000mm,Bottom,180
U5,39.000mm,83.000mm,Bottom,180
